obsid,calid,begin,end,duration,array phase,Power (maximum zenith normalised),Freq (centre MHz),best pointing ,SN,TOAs,notes,Toa command,download command,position command,opp command,Timing command,"""On"" pulses",To be used in paper?,
1163332336,1163363656,1163332343,1163332944,602,P2C,0.383,97.92,,,,,,nextflow run /astro/mwavcs/nswainston/code/mwa_search/mwa_search/nextflow/vcs_download.nf --obsid 1163332336 --begin 1163332343 --end 1163332944 -w . -resume,nextflow run /astro/mwavcs/nswainston/code/mwa_search/mwa_search/nextflow/find_candidate_position.nf --obsid 1163332336 --calid 1163363656 --begin 1163332343 --end 1163332944 --fraction 0.6 --loops 2 --period 1.30614 --dm 20.798 --pointing_grid 00:26:37.30_-19:56:27.63 -resume --summed=false,observation_processing_pipeline.py  --obsid 1163332336 --calid 1163363656 --beg 1163332343 --end 1163332944 --run_type fresh_run --vcstools devel --mwa_search devel,nextflow /astro/mwavcs/nswainston/code/mwa_search/mwa_search/nextflow/candidate_TOAs.nf --fits_file /astro/mwavcs/pulsar_search/psr2_J0024-1932/1163332336/1163332336_*_0001.fits --time_split --obsid 1163332336 ,,,
1164110416,1164140704,1164110423,1164113274,2852,P2C,0.388,154.24,,,,Lots of rfi that needs to be removed,,nextflow run /astro/mwavcs/nswainston/code/mwa_search/mwa_search/nextflow/vcs_download.nf --obsid 1164110416 --begin 1164110423 --end 1164113274 -w . -resume,nextflow run /astro/mwavcs/nswainston/code/mwa_search/mwa_search/nextflow/find_candidate_position.nf --obsid 1164110416 --calid 1164140704 --begin 1164110423 --end 1164113274 --fraction 0.6 --loops 2 --period 1.30614 --dm 20.798 --pointing_grid 00:26:37.30_-19:56:27.63 -resume --summed=false,observation_processing_pipeline.py  --obsid 1164110416 --calid 1164140704 --beg 1164110423 --end 1164113274 --run_type fresh_run --vcstools devel --mwa_search devel,nextflow /astro/mwavcs/nswainston/code/mwa_search/mwa_search/nextflow/candidate_TOAs.nf --fits_file /astro/mwavcs/pulsar_search/psr2_J0024-1932/1164110416/1164110416_*_0001.fits --time_split --obsid 1164110416 ,,,
1182630616,1182638312,1182635219,1182635776,558,P2C,0.34,154.24,,,,,,nextflow run /astro/mwavcs/nswainston/code/mwa_search/mwa_search/nextflow/vcs_download.nf --obsid 1182630616 --begin 1182635219 --end 1182635776 -w . -resume,nextflow run /astro/mwavcs/nswainston/code/mwa_search/mwa_search/nextflow/find_candidate_position.nf --obsid 1182630616 --calid 1182638312 --begin 1182635219 --end 1182635776 --fraction 0.6 --loops 2 --period 1.30614 --dm 20.798 --pointing_grid 00:26:37.30_-19:56:27.63 -resume --summed=false,observation_processing_pipeline.py  --obsid 1182630616 --calid 1182638312 --beg 1182635219 --end 1182635776 --run_type fresh_run --vcstools devel --mwa_search devel,nextflow /astro/mwavcs/nswainston/code/mwa_search/mwa_search/nextflow/candidate_TOAs.nf --fits_file /astro/mwavcs/pulsar_search/psr2_J0024-1932/1182630616/1182630616_*_0001.fits --time_split --obsid 1182630616 ,,,
1182803416,1182802096,1182806813,1182807736,924,P2C,0.385,139.52,,,,ch086-097,,nextflow run /astro/mwavcs/nswainston/code/mwa_search/mwa_search/nextflow/vcs_download.nf --obsid 1182803416 --begin 1182806813 --end 1182807736 -w . -resume,nextflow run /astro/mwavcs/nswainston/code/mwa_search/mwa_search/nextflow/find_candidate_position.nf --obsid 1182803416 --calid 1182802096 --begin 1182806813 --end 1182807736 --fraction 0.6 --loops 2 --period 1.30614 --dm 20.798 --pointing_grid 00:26:37.30_-19:56:27.63 -resume --summed=false,observation_processing_pipeline.py  --obsid 1182803416 --calid 1182802096 --beg 1182806813 --end 1182807736 --run_type fresh_run --vcstools devel --mwa_search devel,nextflow /astro/mwavcs/nswainston/code/mwa_search/mwa_search/nextflow/candidate_TOAs.nf --fits_file /astro/mwavcs/pulsar_search/psr2_J0024-1932/1182803416/1182803416_*_0001.fits --time_split --obsid 1182803416 ,,,
1182803416,1182802096,1182806813,1182807736,924,P2C,0.385,139.52,00:24:36.15_-19:40:04.92,11.8,,ch121-132,,nextflow run /astro/mwavcs/nswainston/code/mwa_search/mwa_search/nextflow/vcs_download.nf --obsid 1182803416 --begin 1182806813 --end 1182807736 -w . -resume,nextflow run /astro/mwavcs/nswainston/code/mwa_search/mwa_search/nextflow/find_candidate_position.nf --obsid 1182803416 --calid 1182802096 --begin 1182806813 --end 1182807736 --fraction 0.6 --loops 2 --period 1.30614 --dm 20.798 --pointing_grid 00:26:37.30_-19:56:27.63 -resume --summed=false,observation_processing_pipeline.py  --obsid 1182803416 --calid 1182802096 --beg 1182806813 --end 1182807736 --run_type fresh_run --vcstools devel --mwa_search devel,nextflow /astro/mwavcs/nswainston/code/mwa_search/mwa_search/nextflow/candidate_TOAs.nf --fits_file /astro/mwavcs/pulsar_search/psr2_J0024-1932/1182803416/1182803416_*_0001.fits --time_split --obsid 1182803416 ,,,
1194350120,1194345816,1194351493,1194355040,3548,P2E,0.973,154.24,,,,,,nextflow run /astro/mwavcs/nswainston/code/mwa_search/mwa_search/nextflow/vcs_download.nf --obsid 1194350120 --begin 1194351493 --end 1194355040 -w . -resume,nextflow run /astro/mwavcs/nswainston/code/mwa_search/mwa_search/nextflow/find_candidate_position.nf --obsid 1194350120 --calid 1194345816 --begin 1194351493 --end 1194355040 --fraction 0.6 --loops 2 --period 1.30614 --dm 20.798 --pointing_grid 00:26:37.30_-19:56:27.63 -resume --summed=false,observation_processing_pipeline.py  --obsid 1194350120 --calid 1194345816 --beg 1194351493 --end 1194355040 --run_type fresh_run --vcstools devel --mwa_search devel,nextflow /astro/mwavcs/nswainston/code/mwa_search/mwa_search/nextflow/candidate_TOAs.nf --fits_file /astro/mwavcs/pulsar_search/psr2_J0024-1932/1194350120/1194350120_*_0001.fits --time_split --obsid 1194350120 ,,,
1201592720,,1201592727,1201592960,234,P2E,0.672,184.96,,,,,,nextflow run /astro/mwavcs/nswainston/code/mwa_search/mwa_search/nextflow/vcs_download.nf --obsid 1201592720 --begin 1201592727 --end 1201592960 -w . -resume,nextflow run /astro/mwavcs/nswainston/code/mwa_search/mwa_search/nextflow/find_candidate_position.nf --obsid 1201592720 --calid  --begin 1201592727 --end 1201592960 --fraction 0.6 --loops 2 --period 1.30614 --dm 20.798 --pointing_grid 00:26:37.30_-19:56:27.63 -resume --summed=false,observation_processing_pipeline.py  --obsid 1201592720 --calid  --beg 1201592727 --end 1201592960 --run_type fresh_run --vcstools devel --mwa_search devel,nextflow /astro/mwavcs/nswainston/code/mwa_search/mwa_search/nextflow/candidate_TOAs.nf --fits_file /astro/mwavcs/pulsar_search/psr2_J0024-1932/1201592720/1201592720_*_0001.fits --time_split --obsid 1201592720 ,,,
1222697776,1222695592,1222699748,1222702432,2685,P2C,0.779,154.24,00:24:25.19_-19:38:15.07,10.89,,,,nextflow run /astro/mwavcs/nswainston/code/mwa_search/mwa_search/nextflow/vcs_download.nf --obsid 1222697776 --begin 1222699748 --end 1222702432 -w . -resume,nextflow run /astro/mwavcs/nswainston/code/mwa_search/mwa_search/nextflow/find_candidate_position.nf --obsid 1222697776 --calid 1222695592 --begin 1222699748 --end 1222702432 --fraction 0.6 --loops 2 --period 1.30614 --dm 20.798 --pointing_grid 00:26:37.30_-19:56:27.63 -resume --summed=false,observation_processing_pipeline.py  --obsid 1222697776 --calid 1222695592 --beg 1222699748 --end 1222702432 --run_type fresh_run --vcstools devel --mwa_search devel,nextflow /astro/mwavcs/nswainston/code/mwa_search/mwa_search/nextflow/candidate_TOAs.nf --fits_file /astro/mwavcs/pulsar_search/psr2_J0024-1932/1222697776/1222697776_*_0001.fits --time_split --obsid 1222697776 ,,,
1225462936,1225478264,1225462943,1225463660,718,P2C,0.445,154.24,,,,,,nextflow run /astro/mwavcs/nswainston/code/mwa_search/mwa_search/nextflow/vcs_download.nf --obsid 1225462936 --begin 1225462943 --end 1225463660 -w . -resume,nextflow run /astro/mwavcs/nswainston/code/mwa_search/mwa_search/nextflow/find_candidate_position.nf --obsid 1225462936 --calid 1225478264 --begin 1225462943 --end 1225463660 --fraction 0.6 --loops 2 --period 1.30614 --dm 20.798 --pointing_grid 00:26:37.30_-19:56:27.63 -resume --summed=false,observation_processing_pipeline.py  --obsid 1225462936 --calid 1225478264 --beg 1225462943 --end 1225463660 --run_type fresh_run --vcstools devel --mwa_search devel,nextflow /astro/mwavcs/nswainston/code/mwa_search/mwa_search/nextflow/candidate_TOAs.nf --fits_file /astro/mwavcs/pulsar_search/psr2_J0024-1932/1225462936/1225462936_*_0001.fits --time_split --obsid 1225462936 ,,,
1226062160,1226054696,1226062167,1226065366,3200,P2C,0.756,154.24,00:26:35.60_-19:55:06.86,60.02,,,,nextflow run /astro/mwavcs/nswainston/code/mwa_search/mwa_search/nextflow/vcs_download.nf --obsid 1226062160 --begin 1226062167 --end 1226065366 -w . -resume,nextflow run /astro/mwavcs/nswainston/code/mwa_search/mwa_search/nextflow/find_candidate_position.nf --obsid 1226062160 --calid 1226054696 --begin 1226062167 --end 1226065366 --fraction 0.6 --loops 2 --period 1.30614 --dm 20.798 --pointing_grid 00:26:37.30_-19:56:27.63 -resume --summed=false,observation_processing_pipeline.py  --obsid 1226062160 --calid 1226054696 --beg 1226062167 --end 1226065366 --run_type fresh_run --vcstools devel --mwa_search devel,nextflow /astro/mwavcs/nswainston/code/mwa_search/mwa_search/nextflow/candidate_TOAs.nf --fits_file /astro/mwavcs/pulsar_search/psr2_J0024-1932/1226062160/1226062160_*_0001.fits --time_split --obsid 1226062160 ,,Y (discovery obs),00:26:35.60_-19:55:06.86
1273626176,,1273626178,1273627375,1198,P2E,0.654,154.24,,,,"First DDT obs, source pushed into null",,nextflow run /astro/mwavcs/nswainston/code/mwa_search/mwa_search/nextflow/vcs_download.nf --obsid 1273626176 --begin 1273626178 --end 1273627375 -w . -resume,nextflow run /astro/mwavcs/nswainston/code/mwa_search/mwa_search/nextflow/find_candidate_position.nf --obsid 1273626176 --calid  --begin 1273626178 --end 1273627375 --fraction 0.6 --loops 2 --period 1.30614 --dm 20.798 --pointing_grid 00:26:37.30_-19:56:27.63 -resume --summed=false,observation_processing_pipeline.py  --obsid 1273626176 --calid  --beg 1273626178 --end 1273627375 --run_type fresh_run --vcstools devel --mwa_search devel,nextflow /astro/mwavcs/nswainston/code/mwa_search/mwa_search/nextflow/candidate_TOAs.nf --fits_file /astro/mwavcs/pulsar_search/psr2_J0024-1932/1273626176/1273626176_*_0001.fits --time_split --obsid 1273626176 ,,,"00:26:35.60_-19:55:06.86', '"
1274143152,1274143032,1274143154,1274144351,1198,P2E,0.979,154.24,00:26:37.50_-19:56:15.04,54.25,,Done,--subint 300,nextflow run /astro/mwavcs/nswainston/code/mwa_search/mwa_search/nextflow/vcs_download.nf --obsid 1274143152 --begin 1274143154 --end 1274144351 -w . -resume,nextflow run /astro/mwavcs/nswainston/code/mwa_search/mwa_search/nextflow/find_candidate_position.nf --obsid 1274143152 --calid 1274143032 --begin 1274143154 --end 1274144351 --fraction 0.6 --loops 2 --period 1.30614 --dm 20.798 --pointing_grid 00:26:37.30_-19:56:27.63 -resume --summed=false,observation_processing_pipeline.py  --obsid 1274143152 --calid 1274143032 --beg 1274143154 --end 1274144351 --run_type fresh_run --vcstools devel --mwa_search devel,nextflow /astro/mwavcs/nswainston/code/mwa_search/mwa_search/nextflow/candidate_TOAs.nf --fits_file /astro/mwavcs/pulsar_search/psr2_J0024-1932/1274143152/1274143152_*_0001.fits --time_split --obsid 1274143152 --subint 300,-S 0 -T 703,Y,"00:26:35.60_-19:55:06.86', '', '00:26:37.50_-19:56:15.04"
1274226696,1274227176,1274226698,1274226999,302,P2E,0.496,154.24,,,,No detection,,nextflow run /astro/mwavcs/nswainston/code/mwa_search/mwa_search/nextflow/vcs_download.nf --obsid 1274226696 --begin 1274226698 --end 1274226999 -w . -resume,nextflow run /astro/mwavcs/nswainston/code/mwa_search/mwa_search/nextflow/find_candidate_position.nf --obsid 1274226696 --calid 1274227176 --begin 1274226698 --end 1274226999 --fraction 0.6 --loops 2 --period 1.30614 --dm 20.798 --pointing_grid 00:26:37.30_-19:56:27.63 -resume --summed=false,observation_processing_pipeline.py  --obsid 1274226696 --calid 1274227176 --beg 1274226698 --end 1274226999 --run_type fresh_run --vcstools devel --mwa_search devel,nextflow /astro/mwavcs/nswainston/code/mwa_search/mwa_search/nextflow/candidate_TOAs.nf --fits_file /astro/mwavcs/pulsar_search/psr2_J0024-1932/1274226696/1274226696_*_0001.fits --time_split --obsid 1274226696 ,,,"00:26:35.60_-19:55:06.86', '', '00:26:37.50_-19:56:15.04', '"
1274565008,1274564888,1274565010,1274565607,598,P2E,0.346,154.24,,,,No detection,,nextflow run /astro/mwavcs/nswainston/code/mwa_search/mwa_search/nextflow/vcs_download.nf --obsid 1274565008 --begin 1274565010 --end 1274565607 -w . -resume,nextflow run /astro/mwavcs/nswainston/code/mwa_search/mwa_search/nextflow/find_candidate_position.nf --obsid 1274565008 --calid 1274564888 --begin 1274565010 --end 1274565607 --fraction 0.6 --loops 2 --period 1.30614 --dm 20.798 --pointing_grid 00:26:37.30_-19:56:27.63 -resume --summed=false,observation_processing_pipeline.py  --obsid 1274565008 --calid 1274564888 --beg 1274565010 --end 1274565607 --run_type fresh_run --vcstools devel --mwa_search devel,nextflow /astro/mwavcs/nswainston/code/mwa_search/mwa_search/nextflow/candidate_TOAs.nf --fits_file /astro/mwavcs/pulsar_search/psr2_J0024-1932/1274565008/1274565008_*_0001.fits --time_split --obsid 1274565008 ,,,"00:26:35.60_-19:55:06.86', '', '00:26:37.50_-19:56:15.04', '', '"
1274573984,1274573864,1274573986,1274574583,598,P2E,0.804,154.24,00:26:36.49_-19:55:54.87,51.91,,"Done, missing a second or two but close enough",--subint 300,nextflow run /astro/mwavcs/nswainston/code/mwa_search/mwa_search/nextflow/vcs_download.nf --obsid 1274573984 --begin 1274573986 --end 1274574583 -w . -resume,nextflow run /astro/mwavcs/nswainston/code/mwa_search/mwa_search/nextflow/find_candidate_position.nf --obsid 1274573984 --calid 1274573864 --begin 1274573986 --end 1274574583 --fraction 0.6 --loops 2 --period 1.30614 --dm 20.798 --pointing_grid 00:26:37.30_-19:56:27.63 -resume --summed=false,observation_processing_pipeline.py  --obsid 1274573984 --calid 1274573864 --beg 1274573986 --end 1274574583 --run_type fresh_run --vcstools devel --mwa_search devel,nextflow /astro/mwavcs/nswainston/code/mwa_search/mwa_search/nextflow/candidate_TOAs.nf --fits_file /astro/mwavcs/pulsar_search/psr2_J0024-1932/1274573984/1274573984_*_0001.fits --time_split --obsid 1274573984 --subint 300,-S 0 -T 510,,"00:26:35.60_-19:55:06.86', '', '00:26:37.50_-19:56:15.04', '', '', '00:26:36.49_-19:55:54.87"
1274745312,1274745792,1274745314,1274745615,302,P2E,0.479,154.24,,,,No detection,,nextflow run /astro/mwavcs/nswainston/code/mwa_search/mwa_search/nextflow/vcs_download.nf --obsid 1274745312 --begin 1274745314 --end 1274745615 -w . -resume,nextflow run /astro/mwavcs/nswainston/code/mwa_search/mwa_search/nextflow/find_candidate_position.nf --obsid 1274745312 --calid 1274745792 --begin 1274745314 --end 1274745615 --fraction 0.6 --loops 2 --period 1.30614 --dm 20.798 --pointing_grid 00:26:37.30_-19:56:27.63 -resume --summed=false,observation_processing_pipeline.py  --obsid 1274745312 --calid 1274745792 --beg 1274745314 --end 1274745615 --run_type fresh_run --vcstools devel --mwa_search devel,nextflow /astro/mwavcs/nswainston/code/mwa_search/mwa_search/nextflow/candidate_TOAs.nf --fits_file /astro/mwavcs/pulsar_search/psr2_J0024-1932/1274745312/1274745312_*_0001.fits --time_split --obsid 1274745312 ,,,"00:26:35.60_-19:55:06.86', '', '00:26:37.50_-19:56:15.04', '', '', '00:26:36.49_-19:55:54.87', '"
1275085816,1275085696,1275085818,1275087015,1198,P2E,0.629,154.24,,,,No detection,,nextflow run /astro/mwavcs/nswainston/code/mwa_search/mwa_search/nextflow/vcs_download.nf --obsid 1275085816 --begin 1275085818 --end 1275087015 -w . -resume,nextflow run /astro/mwavcs/nswainston/code/mwa_search/mwa_search/nextflow/find_candidate_position.nf --obsid 1275085816 --calid 1275085696 --begin 1275085818 --end 1275087015 --fraction 0.6 --loops 2 --period 1.30614 --dm 20.798 --pointing_grid 00:26:37.30_-19:56:27.63 -resume --summed=false,observation_processing_pipeline.py  --obsid 1275085816 --calid 1275085696 --beg 1275085818 --end 1275087015 --run_type fresh_run --vcstools devel --mwa_search devel,nextflow /astro/mwavcs/nswainston/code/mwa_search/mwa_search/nextflow/candidate_TOAs.nf --fits_file /astro/mwavcs/pulsar_search/psr2_J0024-1932/1275085816/1275085816_*_0001.fits --time_split --obsid 1275085816 ,,,"00:26:35.60_-19:55:06.86', '', '00:26:37.50_-19:56:15.04', '', '', '00:26:36.49_-19:55:54.87', '', '"
1275092416,1275085696,1275092418,1275093615,1198,P2E,0.785,154.24,00:26:32.41_-19:55:47.26,26.34,Y,Done. Using two commands to process toas,"--dspsr_options ""-S 20"" --subint 300, --dspsr_options ""-S 420"" --subint 300",nextflow run /astro/mwavcs/nswainston/code/mwa_search/mwa_search/nextflow/vcs_download.nf --obsid 1275092416 --begin 1275092418 --end 1275093615 -w . -resume,nextflow run /astro/mwavcs/nswainston/code/mwa_search/mwa_search/nextflow/find_candidate_position.nf --obsid 1275092416 --calid 1275085696 --begin 1275092418 --end 1275093615 --fraction 0.6 --loops 2 --period 1.30614 --dm 20.798 --pointing_grid 00:26:37.30_-19:56:27.63 -resume --summed=false,observation_processing_pipeline.py  --obsid 1275092416 --calid 1275085696 --beg 1275092418 --end 1275093615 --run_type fresh_run --vcstools devel --mwa_search devel,"nextflow /astro/mwavcs/nswainston/code/mwa_search/mwa_search/nextflow/candidate_TOAs.nf --fits_file /astro/mwavcs/pulsar_search/psr2_J0024-1932/1275092416/1275092416_*_0001.fits --time_split --obsid 1275092416 --dspsr_options ""-S 20"" --subint 300, --dspsr_options ""-S 420"" --subint 300","-S 44 -T 252\n-S 436 -T 168",,"00:26:35.60_-19:55:06.86', '', '00:26:37.50_-19:56:15.04', '', '', '00:26:36.49_-19:55:54.87', '', '', '00:26:32.41_-19:55:47.26"
1275094456,1275085696,1275094458,1275095655,1198,P2E,0.708,154.24,,,,No detection,,nextflow run /astro/mwavcs/nswainston/code/mwa_search/mwa_search/nextflow/vcs_download.nf --obsid 1275094456 --begin 1275094458 --end 1275095655 -w . -resume,nextflow run /astro/mwavcs/nswainston/code/mwa_search/mwa_search/nextflow/find_candidate_position.nf --obsid 1275094456 --calid 1275085696 --begin 1275094458 --end 1275095655 --fraction 0.6 --loops 2 --period 1.30614 --dm 20.798 --pointing_grid 00:26:37.30_-19:56:27.63 -resume --summed=false,observation_processing_pipeline.py  --obsid 1275094456 --calid 1275085696 --beg 1275094458 --end 1275095655 --run_type fresh_run --vcstools devel --mwa_search devel,nextflow /astro/mwavcs/nswainston/code/mwa_search/mwa_search/nextflow/candidate_TOAs.nf --fits_file /astro/mwavcs/pulsar_search/psr2_J0024-1932/1275094456/1275094456_*_0001.fits --time_split --obsid 1275094456 ,,,"00:26:35.60_-19:55:06.86', '', '00:26:37.50_-19:56:15.04', '', '', '00:26:36.49_-19:55:54.87', '', '', '00:26:32.41_-19:55:47.26', '"
1275172216,1275172096,1275172218,1275173415,1198,P2E,0.629,154.24,,,,No detection,,nextflow run /astro/mwavcs/nswainston/code/mwa_search/mwa_search/nextflow/vcs_download.nf --obsid 1275172216 --begin 1275172218 --end 1275173415 -w . -resume,nextflow run /astro/mwavcs/nswainston/code/mwa_search/mwa_search/nextflow/find_candidate_position.nf --obsid 1275172216 --calid 1275172096 --begin 1275172218 --end 1275173415 --fraction 0.6 --loops 2 --period 1.30614 --dm 20.798 --pointing_grid 00:26:37.30_-19:56:27.63 -resume --summed=false,observation_processing_pipeline.py  --obsid 1275172216 --calid 1275172096 --beg 1275172218 --end 1275173415 --run_type fresh_run --vcstools devel --mwa_search devel,nextflow /astro/mwavcs/nswainston/code/mwa_search/mwa_search/nextflow/candidate_TOAs.nf --fits_file /astro/mwavcs/pulsar_search/psr2_J0024-1932/1275172216/1275172216_*_0001.fits --time_split --obsid 1275172216 ,,,"00:26:35.60_-19:55:06.86', '', '00:26:37.50_-19:56:15.04', '', '', '00:26:36.49_-19:55:54.87', '', '', '00:26:32.41_-19:55:47.26', '', '"
1275177136,1275172096,1275177138,1275178335,1198,P2E,0.804,154.24,00:26:35.73_-19:56:04.96,18.28,Y,Done,"--dspsr_options ""-S 700"" --subint 350 ",nextflow run /astro/mwavcs/nswainston/code/mwa_search/mwa_search/nextflow/vcs_download.nf --obsid 1275177136 --begin 1275177138 --end 1275178335 -w . -resume,nextflow run /astro/mwavcs/nswainston/code/mwa_search/mwa_search/nextflow/find_candidate_position.nf --obsid 1275177136 --calid 1275172096 --begin 1275177138 --end 1275178335 --fraction 0.6 --loops 2 --period 1.30614 --dm 20.798 --pointing_grid 00:26:37.30_-19:56:27.63 -resume --summed=false,observation_processing_pipeline.py  --obsid 1275177136 --calid 1275172096 --beg 1275177138 --end 1275178335 --run_type fresh_run --vcstools devel --mwa_search devel,"nextflow /astro/mwavcs/nswainston/code/mwa_search/mwa_search/nextflow/candidate_TOAs.nf --fits_file /astro/mwavcs/pulsar_search/psr2_J0024-1932/1275177136/1275177136_*_0001.fits --time_split --obsid 1275177136 --dspsr_options ""-S 700"" --subint 350 ",-S 711 -T 319,,"00:26:35.60_-19:55:06.86', '', '00:26:37.50_-19:56:15.04', '', '', '00:26:36.49_-19:55:54.87', '', '', '00:26:32.41_-19:55:47.26', '', '', '00:26:35.73_-19:56:04.96"
1275178816,1275172096,1275178818,1275180015,1198,P2E,0.78,154.24,00:26:34.89_-19:56:04.96,47.99,Y,Done,"--dspsr_options ""-T 300"" --subint 300, --dspsr_options ""-S 400"" --subint 400",nextflow run /astro/mwavcs/nswainston/code/mwa_search/mwa_search/nextflow/vcs_download.nf --obsid 1275178816 --begin 1275178818 --end 1275180015 -w . -resume,nextflow run /astro/mwavcs/nswainston/code/mwa_search/mwa_search/nextflow/find_candidate_position.nf --obsid 1275178816 --calid 1275172096 --begin 1275178818 --end 1275180015 --fraction 0.6 --loops 2 --period 1.30614 --dm 20.798 --pointing_grid 00:26:37.30_-19:56:27.63 -resume --summed=false,observation_processing_pipeline.py  --obsid 1275178816 --calid 1275172096 --beg 1275178818 --end 1275180015 --run_type fresh_run --vcstools devel --mwa_search devel,"nextflow /astro/mwavcs/nswainston/code/mwa_search/mwa_search/nextflow/candidate_TOAs.nf --fits_file /astro/mwavcs/pulsar_search/psr2_J0024-1932/1275178816/1275178816_*_0001.fits --time_split --obsid 1275178816 --dspsr_options ""-T 300"" --subint 300, --dspsr_options ""-S 400"" --subint 400","-S 0 -T 269\n-S 436 (no -T = go to the end of observation)",Y,"00:26:35.60_-19:55:06.86', '', '00:26:37.50_-19:56:15.04', '', '', '00:26:36.49_-19:55:54.87', '', '', '00:26:32.41_-19:55:47.26', '', '', '00:26:35.73_-19:56:04.96', '00:26:34.89_-19:56:04.96"
1275258616,1275260432,1275258618,1275259815,1198,P2E,0.629,154.24,00:26:35.67_-19:55:47.26,16.86,Y,Done,"--dspsr_options ""-T 350"" --subint 350",nextflow run /astro/mwavcs/nswainston/code/mwa_search/mwa_search/nextflow/vcs_download.nf --obsid 1275258616 --begin 1275258618 --end 1275259815 -w . -resume,nextflow run /astro/mwavcs/nswainston/code/mwa_search/mwa_search/nextflow/find_candidate_position.nf --obsid 1275258616 --calid 1275260432 --begin 1275258618 --end 1275259815 --fraction 0.6 --loops 2 --period 1.30614 --dm 20.798 --pointing_grid 00:26:37.30_-19:56:27.63 -resume --summed=false,observation_processing_pipeline.py  --obsid 1275258616 --calid 1275260432 --beg 1275258618 --end 1275259815 --run_type fresh_run --vcstools devel --mwa_search devel,"nextflow /astro/mwavcs/nswainston/code/mwa_search/mwa_search/nextflow/candidate_TOAs.nf --fits_file /astro/mwavcs/pulsar_search/psr2_J0024-1932/1275258616/1275258616_*_0001.fits --time_split --obsid 1275258616 --dspsr_options ""-T 350"" --subint 350",-S 0 -T 318,,"00:26:35.60_-19:55:06.86', '', '00:26:37.50_-19:56:15.04', '', '', '00:26:36.49_-19:55:54.87', '', '', '00:26:32.41_-19:55:47.26', '', '', '00:26:35.73_-19:56:04.96', '00:26:34.89_-19:56:04.96', '00:26:35.67_-19:55:47.26"
1275261736,1275260432,1275261738,1275262935,1198,P2E,0.784,154.24,,,,vcs boxes where full so missing files,,nextflow run /astro/mwavcs/nswainston/code/mwa_search/mwa_search/nextflow/vcs_download.nf --obsid 1275261736 --begin 1275261738 --end 1275262935 -w . -resume,nextflow run /astro/mwavcs/nswainston/code/mwa_search/mwa_search/nextflow/find_candidate_position.nf --obsid 1275261736 --calid 1275260432 --begin 1275261738 --end 1275262935 --fraction 0.6 --loops 2 --period 1.30614 --dm 20.798 --pointing_grid 00:26:37.30_-19:56:27.63 -resume --summed=false,observation_processing_pipeline.py  --obsid 1275261736 --calid 1275260432 --beg 1275261738 --end 1275262935 --run_type fresh_run --vcstools devel --mwa_search devel,nextflow /astro/mwavcs/nswainston/code/mwa_search/mwa_search/nextflow/candidate_TOAs.nf --fits_file /astro/mwavcs/pulsar_search/psr2_J0024-1932/1275261736/1275261736_*_0001.fits --time_split --obsid 1275261736 ,,,"00:26:35.60_-19:55:06.86', '', '00:26:37.50_-19:56:15.04', '', '', '00:26:36.49_-19:55:54.87', '', '', '00:26:32.41_-19:55:47.26', '', '', '00:26:35.73_-19:56:04.96', '00:26:34.89_-19:56:04.96', '00:26:35.67_-19:55:47.26', '"
1275431416,1275431296,1275431418,1275433215,1798,P2E,0.725,154.24,00:26:32.41_-19:55:47.26,36.77,,Done,,nextflow run /astro/mwavcs/nswainston/code/mwa_search/mwa_search/nextflow/vcs_download.nf --obsid 1275431416 --begin 1275431418 --end 1275433215 -w . -resume,nextflow run /astro/mwavcs/nswainston/code/mwa_search/mwa_search/nextflow/find_candidate_position.nf --obsid 1275431416 --calid 1275431296 --begin 1275431418 --end 1275433215 --fraction 0.6 --loops 2 --period 1.30614 --dm 20.798 --pointing_grid 00:26:37.30_-19:56:27.63 -resume --summed=false,observation_processing_pipeline.py  --obsid 1275431416 --calid 1275431296 --beg 1275431418 --end 1275433215 --run_type fresh_run --vcstools devel --mwa_search devel,nextflow /astro/mwavcs/nswainston/code/mwa_search/mwa_search/nextflow/candidate_TOAs.nf --fits_file /astro/mwavcs/pulsar_search/psr2_J0024-1932/1275431416/1275431416_*_0001.fits --time_split --obsid 1275431416 ,"-S 306 -T 319\n-S 864 -T 373\n-S 1663 -T ? (see note on 'prepdata pulsestacks' tab)",,"00:26:35.60_-19:55:06.86', '', '00:26:37.50_-19:56:15.04', '', '', '00:26:36.49_-19:55:54.87', '', '', '00:26:32.41_-19:55:47.26', '', '', '00:26:35.73_-19:56:04.96', '00:26:34.89_-19:56:04.96', '00:26:35.67_-19:55:47.26', '', '00:26:32.41_-19:55:47.26"
1275863416,1275863296,1275863421,1275864615,1195,P2E,0.724,154.24,,,,No detection,,nextflow run /astro/mwavcs/nswainston/code/mwa_search/mwa_search/nextflow/vcs_download.nf --obsid 1275863416 --begin 1275863421 --end 1275864615 -w . -resume,nextflow run /astro/mwavcs/nswainston/code/mwa_search/mwa_search/nextflow/find_candidate_position.nf --obsid 1275863416 --calid 1275863296 --begin 1275863421 --end 1275864615 --fraction 0.6 --loops 2 --period 1.30614 --dm 20.798 --pointing_grid 00:26:37.30_-19:56:27.63 -resume --summed=false,observation_processing_pipeline.py  --obsid 1275863416 --calid 1275863296 --beg 1275863421 --end 1275864615 --run_type fresh_run --vcstools devel --mwa_search devel,nextflow /astro/mwavcs/nswainston/code/mwa_search/mwa_search/nextflow/candidate_TOAs.nf --fits_file /astro/mwavcs/pulsar_search/psr2_J0024-1932/1275863416/1275863416_*_0001.fits --time_split --obsid 1275863416 ,,,"00:26:35.60_-19:55:06.86', '', '00:26:37.50_-19:56:15.04', '', '', '00:26:36.49_-19:55:54.87', '', '', '00:26:32.41_-19:55:47.26', '', '', '00:26:35.73_-19:56:04.96', '00:26:34.89_-19:56:04.96', '00:26:35.67_-19:55:47.26', '', '00:26:32.41_-19:55:47.26', '"
1275866536,1275866416,1275866538,1275867735,1198,P2E,0.802,154.24,00:26:35.06_-19:56:06.22,32.44,,Done,,nextflow run /astro/mwavcs/nswainston/code/mwa_search/mwa_search/nextflow/vcs_download.nf --obsid 1275866536 --begin 1275866538 --end 1275867735 -w . -resume,nextflow run /astro/mwavcs/nswainston/code/mwa_search/mwa_search/nextflow/find_candidate_position.nf --obsid 1275866536 --calid 1275866416 --begin 1275866538 --end 1275867735 --fraction 0.6 --loops 2 --period 1.30614 --dm 20.798 --pointing_grid 00:26:37.30_-19:56:27.63 -resume --summed=false,observation_processing_pipeline.py  --obsid 1275866536 --calid 1275866416 --beg 1275866538 --end 1275867735 --run_type fresh_run --vcstools devel --mwa_search devel,nextflow /astro/mwavcs/nswainston/code/mwa_search/mwa_search/nextflow/candidate_TOAs.nf --fits_file /astro/mwavcs/pulsar_search/psr2_J0024-1932/1275866536/1275866536_*_0001.fits --time_split --obsid 1275866536 ,"-S 0 -T 277\n-S 940 -T 166",,"00:26:35.60_-19:55:06.86', '', '00:26:37.50_-19:56:15.04', '', '', '00:26:36.49_-19:55:54.87', '', '', '00:26:32.41_-19:55:47.26', '', '', '00:26:35.73_-19:56:04.96', '00:26:34.89_-19:56:04.96', '00:26:35.67_-19:55:47.26', '', '00:26:32.41_-19:55:47.26', '', '00:26:35.06_-19:56:06.22"
1276725752,1276725632,1276725754,1276727551,1798,P2E,0.785,154.24,00:26:37.30_-19:56:27.63,34.42,,Done,,nextflow run /astro/mwavcs/nswainston/code/mwa_search/mwa_search/nextflow/vcs_download.nf --obsid 1276725752 --begin 1276725754 --end 1276727551 -w . -resume,nextflow run /astro/mwavcs/nswainston/code/mwa_search/mwa_search/nextflow/find_candidate_position.nf --obsid 1276725752 --calid 1276725632 --begin 1276725754 --end 1276727551 --fraction 0.6 --loops 2 --period 1.30614 --dm 20.798 --pointing_grid 00:26:37.30_-19:56:27.63 -resume --summed=false,observation_processing_pipeline.py  --obsid 1276725752 --calid 1276725632 --beg 1276725754 --end 1276727551 --run_type fresh_run --vcstools devel --mwa_search devel,nextflow /astro/mwavcs/nswainston/code/mwa_search/mwa_search/nextflow/candidate_TOAs.nf --fits_file /astro/mwavcs/pulsar_search/psr2_J0024-1932/1276725752/1276725752_*_0001.fits --time_split --obsid 1276725752 ,"-S 0 -T 310\n-S 1537 -T 185",,"00:26:35.60_-19:55:06.86', '', '00:26:37.50_-19:56:15.04', '', '', '00:26:36.49_-19:55:54.87', '', '', '00:26:32.41_-19:55:47.26', '', '', '00:26:35.73_-19:56:04.96', '00:26:34.89_-19:56:04.96', '00:26:35.67_-19:55:47.26', '', '00:26:32.41_-19:55:47.26', '', '00:26:35.06_-19:56:06.22', '00:26:37.30_-19:56:27.63"
1277846336,1277846816,1277846339,1277846639,301,P2E,0.61,154.24,,,,,,nextflow run /astro/mwavcs/nswainston/code/mwa_search/mwa_search/nextflow/vcs_download.nf --obsid 1277846336 --begin 1277846339 --end 1277846639 -w . -resume,nextflow run /astro/mwavcs/nswainston/code/mwa_search/mwa_search/nextflow/find_candidate_position.nf --obsid 1277846336 --calid 1277846816 --begin 1277846339 --end 1277846639 --fraction 0.6 --loops 2 --period 1.30614 --dm 20.798 --pointing_grid 00:26:37.30_-19:56:27.63 -resume --summed=false,observation_processing_pipeline.py  --obsid 1277846336 --calid 1277846816 --beg 1277846339 --end 1277846639 --run_type fresh_run --vcstools devel --mwa_search devel,nextflow /astro/mwavcs/nswainston/code/mwa_search/mwa_search/nextflow/candidate_TOAs.nf --fits_file /astro/mwavcs/pulsar_search/psr2_J0024-1932/1277846336/1277846336_*_0001.fits --time_split --obsid 1277846336 ,,,"00:26:35.60_-19:55:06.86', '', '00:26:37.50_-19:56:15.04', '', '', '00:26:36.49_-19:55:54.87', '', '', '00:26:32.41_-19:55:47.26', '', '', '00:26:35.73_-19:56:04.96', '00:26:34.89_-19:56:04.96', '00:26:35.67_-19:55:47.26', '', '00:26:32.41_-19:55:47.26', '', '00:26:35.06_-19:56:06.22', '00:26:37.30_-19:56:27.63', '"
1278106408,1278106288,1278106410,1278108207,1798,P2E,0.805,154.24,00:26:36.74_-19:56:15.04,28.48,,Done,,nextflow run /astro/mwavcs/nswainston/code/mwa_search/mwa_search/nextflow/vcs_download.nf --obsid 1278106408 --begin 1278106410 --end 1278108207 -w . -resume,nextflow run /astro/mwavcs/nswainston/code/mwa_search/mwa_search/nextflow/find_candidate_position.nf --obsid 1278106408 --calid 1278106288 --begin 1278106410 --end 1278108207 --fraction 0.6 --loops 2 --period 1.30614 --dm 20.798 --pointing_grid 00:26:37.30_-19:56:27.63 -resume --summed=false,observation_processing_pipeline.py  --obsid 1278106408 --calid 1278106288 --beg 1278106410 --end 1278108207 --run_type fresh_run --vcstools devel --mwa_search devel,nextflow /astro/mwavcs/nswainston/code/mwa_search/mwa_search/nextflow/candidate_TOAs.nf --fits_file /astro/mwavcs/pulsar_search/psr2_J0024-1932/1278106408/1278106408_*_0001.fits --time_split --obsid 1278106408 ,-S 205 -T 514,,"00:26:35.60_-19:55:06.86', '', '00:26:37.50_-19:56:15.04', '', '', '00:26:36.49_-19:55:54.87', '', '', '00:26:32.41_-19:55:47.26', '', '', '00:26:35.73_-19:56:04.96', '00:26:34.89_-19:56:04.96', '00:26:35.67_-19:55:47.26', '', '00:26:32.41_-19:55:47.26', '', '00:26:35.06_-19:56:06.22', '00:26:37.30_-19:56:27.63', '', '00:26:36.74_-19:56:15.04"
1283104232,1283104112,1283104234,1283106031,1798,P2E,0.804,154.24,00:26:34.98_-19:56:15.04,71.55,,Done,,nextflow run /astro/mwavcs/nswainston/code/mwa_search/mwa_search/nextflow/vcs_download.nf --obsid 1283104232 --begin 1283104234 --end 1283106031 -w . -resume,nextflow run /astro/mwavcs/nswainston/code/mwa_search/mwa_search/nextflow/find_candidate_position.nf --obsid 1283104232 --calid 1283104112 --begin 1283104234 --end 1283106031 --fraction 0.6 --loops 2 --period 1.30614 --dm 20.798 --pointing_grid 00:26:37.30_-19:56:27.63 -resume --summed=false,observation_processing_pipeline.py  --obsid 1283104232 --calid 1283104112 --beg 1283104234 --end 1283106031 --run_type fresh_run --vcstools devel --mwa_search devel,nextflow /astro/mwavcs/nswainston/code/mwa_search/mwa_search/nextflow/candidate_TOAs.nf --fits_file /astro/mwavcs/pulsar_search/psr2_J0024-1932/1283104232/1283104232_*_0001.fits --time_split --obsid 1283104232 ,"-S 0 -T 706\n-S 1178",Y,"00:26:35.60_-19:55:06.86', '', '00:26:37.50_-19:56:15.04', '', '', '00:26:36.49_-19:55:54.87', '', '', '00:26:32.41_-19:55:47.26', '', '', '00:26:35.73_-19:56:04.96', '00:26:34.89_-19:56:04.96', '00:26:35.67_-19:55:47.26', '', '00:26:32.41_-19:55:47.26', '', '00:26:35.06_-19:56:06.22', '00:26:37.30_-19:56:27.63', '', '00:26:36.74_-19:56:15.04', '00:26:34.98_-19:56:15.04"
1285086000,1285085880,1285086002,1285087799,1798,P2E,0.804,154.24,00:26:34.89_-19:56:16.30,15.73,,Done,,nextflow run /astro/mwavcs/nswainston/code/mwa_search/mwa_search/nextflow/vcs_download.nf --obsid 1285086000 --begin 1285086002 --end 1285087799 -w . -resume,nextflow run /astro/mwavcs/nswainston/code/mwa_search/mwa_search/nextflow/find_candidate_position.nf --obsid 1285086000 --calid 1285085880 --begin 1285086002 --end 1285087799 --fraction 0.6 --loops 2 --period 1.30614 --dm 20.798 --pointing_grid 00:26:37.30_-19:56:27.63 -resume --summed=false,observation_processing_pipeline.py  --obsid 1285086000 --calid 1285085880 --beg 1285086002 --end 1285087799 --run_type fresh_run --vcstools devel --mwa_search devel,nextflow /astro/mwavcs/nswainston/code/mwa_search/mwa_search/nextflow/candidate_TOAs.nf --fits_file /astro/mwavcs/pulsar_search/psr2_J0024-1932/1285086000/1285086000_*_0001.fits --time_split --obsid 1285086000 ,-S 0 -T 156,,"00:26:35.60_-19:55:06.86', '', '00:26:37.50_-19:56:15.04', '', '', '00:26:36.49_-19:55:54.87', '', '', '00:26:32.41_-19:55:47.26', '', '', '00:26:35.73_-19:56:04.96', '00:26:34.89_-19:56:04.96', '00:26:35.67_-19:55:47.26', '', '00:26:32.41_-19:55:47.26', '', '00:26:35.06_-19:56:06.22', '00:26:37.30_-19:56:27.63', '', '00:26:36.74_-19:56:15.04', '00:26:34.98_-19:56:15.04', '00:26:34.89_-19:56:16.30"
1287670032,1287669912,1287670976,1287673631,2656,P2E,0.805,154.24,00:26:35.40_-19:56:04.96,44.97,,Done,,nextflow run /astro/mwavcs/nswainston/code/mwa_search/mwa_search/nextflow/vcs_download.nf --obsid 1287670032 --begin 1287670976 --end 1287673631 -w . -resume,nextflow run /astro/mwavcs/nswainston/code/mwa_search/mwa_search/nextflow/find_candidate_position.nf --obsid 1287670032 --calid 1287669912 --begin 1287670976 --end 1287673631 --fraction 0.6 --loops 2 --period 1.30614 --dm 20.798 --pointing_grid 00:26:37.30_-19:56:27.63 -resume --summed=false,observation_processing_pipeline.py  --obsid 1287670032 --calid 1287669912 --beg 1287670976 --end 1287673631 --run_type fresh_run --vcstools devel --mwa_search devel,nextflow /astro/mwavcs/nswainston/code/mwa_search/mwa_search/nextflow/candidate_TOAs.nf --fits_file /astro/mwavcs/pulsar_search/psr2_J0024-1932/1287670032/1287670032_*_0001.fits --time_split --obsid 1287670032 ,"-S 208 -T 426\n-S 1329 -T 650",,"00:26:35.60_-19:55:06.86', '', '00:26:37.50_-19:56:15.04', '', '', '00:26:36.49_-19:55:54.87', '', '', '00:26:32.41_-19:55:47.26', '', '', '00:26:35.73_-19:56:04.96', '00:26:34.89_-19:56:04.96', '00:26:35.67_-19:55:47.26', '', '00:26:32.41_-19:55:47.26', '', '00:26:35.06_-19:56:06.22', '00:26:37.30_-19:56:27.63', '', '00:26:36.74_-19:56:15.04', '00:26:34.98_-19:56:15.04', '00:26:34.89_-19:56:16.30', '00:26:35.40_-19:56:04.96"
1290341112,1290340992,1290341114,1290344711,3598,P2E,0.805,154.24,00:26:36.41_-19:56:13.78,32.34,,Done,,nextflow run /astro/mwavcs/nswainston/code/mwa_search/mwa_search/nextflow/vcs_download.nf --obsid 1290341112 --begin 1290341114 --end 1290344711 -w . -resume,nextflow run /astro/mwavcs/nswainston/code/mwa_search/mwa_search/nextflow/find_candidate_position.nf --obsid 1290341112 --calid 1290340992 --begin 1290341114 --end 1290344711 --fraction 0.6 --loops 2 --period 1.30614 --dm 20.798 --pointing_grid 00:26:37.30_-19:56:27.63 -resume --summed=false,observation_processing_pipeline.py  --obsid 1290341112 --calid 1290340992 --beg 1290341114 --end 1290344711 --run_type fresh_run --vcstools devel --mwa_search devel,nextflow /astro/mwavcs/nswainston/code/mwa_search/mwa_search/nextflow/candidate_TOAs.nf --fits_file /astro/mwavcs/pulsar_search/psr2_J0024-1932/1290341112/1290341112_*_0001.fits --time_split --obsid 1290341112 ,"-S 1120 -T 395\n-S 2699 -T 806",,"00:26:35.60_-19:55:06.86', '', '00:26:37.50_-19:56:15.04', '', '', '00:26:36.49_-19:55:54.87', '', '', '00:26:32.41_-19:55:47.26', '', '', '00:26:35.73_-19:56:04.96', '00:26:34.89_-19:56:04.96', '00:26:35.67_-19:55:47.26', '', '00:26:32.41_-19:55:47.26', '', '00:26:35.06_-19:56:06.22', '00:26:37.30_-19:56:27.63', '', '00:26:36.74_-19:56:15.04', '00:26:34.98_-19:56:15.04', '00:26:34.89_-19:56:16.30', '00:26:35.40_-19:56:04.96', '00:26:36.41_-19:56:13.78"
1292933216,1292933096,1292933218,1292935527,2310,P2E,0.501,154.24,00:26:36.57_-19:55:54.87,26.85,,Done,,nextflow run /astro/mwavcs/nswainston/code/mwa_search/mwa_search/nextflow/vcs_download.nf --obsid 1292933216 --begin 1292933218 --end 1292935527 -w . -resume,nextflow run /astro/mwavcs/nswainston/code/mwa_search/mwa_search/nextflow/find_candidate_position.nf --obsid 1292933216 --calid 1292933096 --begin 1292933218 --end 1292935527 --fraction 0.6 --loops 2 --period 1.30614 --dm 20.798 --pointing_grid 00:26:37.30_-19:56:27.63 -resume --summed=false,observation_processing_pipeline.py  --obsid 1292933216 --calid 1292933096 --beg 1292933218 --end 1292935527 --run_type fresh_run --vcstools devel --mwa_search devel,nextflow /astro/mwavcs/nswainston/code/mwa_search/mwa_search/nextflow/candidate_TOAs.nf --fits_file /astro/mwavcs/pulsar_search/psr2_J0024-1932/1292933216/1292933216_*_0001.fits --time_split --obsid 1292933216 ,-S 1145,,"00:26:35.60_-19:55:06.86', '', '00:26:37.50_-19:56:15.04', '', '', '00:26:36.49_-19:55:54.87', '', '', '00:26:32.41_-19:55:47.26', '', '', '00:26:35.73_-19:56:04.96', '00:26:34.89_-19:56:04.96', '00:26:35.67_-19:55:47.26', '', '00:26:32.41_-19:55:47.26', '', '00:26:35.06_-19:56:06.22', '00:26:37.30_-19:56:27.63', '', '00:26:36.74_-19:56:15.04', '00:26:34.98_-19:56:15.04', '00:26:34.89_-19:56:16.30', '00:26:35.40_-19:56:04.96', '00:26:36.41_-19:56:13.78', '00:26:36.57_-19:55:54.87"
1295597128,,1295597130,1295598037,908,P2E,0.361,154.24,,,,,,nextflow run /astro/mwavcs/nswainston/code/mwa_search/mwa_search/nextflow/vcs_download.nf --obsid 1295597128 --begin 1295597130 --end 1295598037 -w . -resume,nextflow run /astro/mwavcs/nswainston/code/mwa_search/mwa_search/nextflow/find_candidate_position.nf --obsid 1295597128 --calid  --begin 1295597130 --end 1295598037 --fraction 0.6 --loops 2 --period 1.30614 --dm 20.798 --pointing_grid 00:26:37.30_-19:56:27.63 -resume --summed=false,observation_processing_pipeline.py  --obsid 1295597128 --calid  --beg 1295597130 --end 1295598037 --run_type fresh_run --vcstools devel --mwa_search devel,nextflow /astro/mwavcs/nswainston/code/mwa_search/mwa_search/nextflow/candidate_TOAs.nf --fits_file /astro/mwavcs/pulsar_search/psr2_J0024-1932/1295597128/1295597128_*_0001.fits --time_split --obsid 1295597128 ,,,"00:26:35.60_-19:55:06.86', '', '00:26:37.50_-19:56:15.04', '', '', '00:26:36.49_-19:55:54.87', '', '', '00:26:32.41_-19:55:47.26', '', '', '00:26:35.73_-19:56:04.96', '00:26:34.89_-19:56:04.96', '00:26:35.67_-19:55:47.26', '', '00:26:32.41_-19:55:47.26', '', '00:26:35.06_-19:56:06.22', '00:26:37.30_-19:56:27.63', '', '00:26:36.74_-19:56:15.04', '00:26:34.98_-19:56:15.04', '00:26:34.89_-19:56:16.30', '00:26:35.40_-19:56:04.96', '00:26:36.41_-19:56:13.78', '00:26:36.57_-19:55:54.87', '"
1295598640,,1295598642,1295599604,963,P2E,0.372,154.24,,,,,,nextflow run /astro/mwavcs/nswainston/code/mwa_search/mwa_search/nextflow/vcs_download.nf --obsid 1295598640 --begin 1295598642 --end 1295599604 -w . -resume,nextflow run /astro/mwavcs/nswainston/code/mwa_search/mwa_search/nextflow/find_candidate_position.nf --obsid 1295598640 --calid  --begin 1295598642 --end 1295599604 --fraction 0.6 --loops 2 --period 1.30614 --dm 20.798 --pointing_grid 00:26:37.30_-19:56:27.63 -resume --summed=false,observation_processing_pipeline.py  --obsid 1295598640 --calid  --beg 1295598642 --end 1295599604 --run_type fresh_run --vcstools devel --mwa_search devel,nextflow /astro/mwavcs/nswainston/code/mwa_search/mwa_search/nextflow/candidate_TOAs.nf --fits_file /astro/mwavcs/pulsar_search/psr2_J0024-1932/1295598640/1295598640_*_0001.fits --time_split --obsid 1295598640 ,,,"00:26:35.60_-19:55:06.86', '', '00:26:37.50_-19:56:15.04', '', '', '00:26:36.49_-19:55:54.87', '', '', '00:26:32.41_-19:55:47.26', '', '', '00:26:35.73_-19:56:04.96', '00:26:34.89_-19:56:04.96', '00:26:35.67_-19:55:47.26', '', '00:26:32.41_-19:55:47.26', '', '00:26:35.06_-19:56:06.22', '00:26:37.30_-19:56:27.63', '', '00:26:36.74_-19:56:15.04', '00:26:34.98_-19:56:15.04', '00:26:34.89_-19:56:16.30', '00:26:35.40_-19:56:04.96', '00:26:36.41_-19:56:13.78', '00:26:36.57_-19:55:54.87', '', '"
,,,,,,,,,,,,,,,,,,,
,,,,,,,,,,,,,,,,,,,
,,,,,,,,,,,,,,,,,,,
,,,,,,,,,,,,,,,,,,,
,,,,,,Current best position guess,,00:26:37.30_-19:56:27.63,<- localisation in P2E,,,,,,,,,,
,,,,,,,,00:26:35.60_-19:55:06.86,<- localisation in P2C,,,,,,,,,,
,,,,,,,,00:26:30.41_-19:59:45.17,<- best detection in smart pointings,,,,,,,,,,
